,Survived,Pclass,Sex,Age,SibSp,Parch,Fare,Cabin,Embarked
0,0,3,male,22.0,1,0,7.25,No,S
1,1,1,female,38.0,1,0,71.2833,Yes,C
2,1,3,female,26.0,0,0,7.925,No,S
3,1,1,female,35.0,1,0,53.1,Yes,S
4,0,3,male,35.0,0,0,8.05,No,S
5,0,3,male,23.838952586083504,0,0,8.4583,No,Q
6,0,1,male,54.0,0,0,51.8625,Yes,S
7,0,3,male,2.0,3,1,21.075,No,S
8,1,3,female,27.0,0,2,11.1333,No,S
9,1,2,female,14.0,1,0,30.0708,No,C
10,1,3,female,4.0,1,1,16.7,Yes,S
11,1,1,female,58.0,0,0,26.55,Yes,S
12,0,3,male,20.0,0,0,8.05,No,S
13,0,3,male,39.0,1,5,31.275,No,S
14,0,3,female,14.0,0,0,7.8542,No,S
15,1,2,female,55.0,0,0,16.0,No,S
16,0,3,male,2.0,4,1,29.125,No,Q
17,1,2,male,32.066493050061574,0,0,13.0,No,S
18,0,3,female,31.0,1,0,18.0,No,S
19,1,3,female,29.51820514208015,0,0,7.225,No,C
20,0,2,male,35.0,0,0,26.0,No,S
21,1,2,male,34.0,0,0,13.0,Yes,S
22,1,3,female,15.0,0,0,8.0292,No,Q
23,1,1,male,28.0,0,0,35.5,Yes,S
24,0,3,female,8.0,3,1,21.075,No,S
25,1,3,female,38.0,1,5,31.3875,No,S
26,0,3,male,29.51820514208015,0,0,7.225,No,C
27,0,1,male,19.0,3,2,263.0,Yes,S
28,1,3,female,22.380113238826777,0,0,7.8792,No,Q
29,0,3,male,27.947206162930836,0,0,7.8958,No,S
30,0,1,male,40.0,0,0,27.7208,No,C
31,1,1,female,36.108048222222244,1,0,146.5208,Yes,C
32,1,3,female,35.29582429902353,0,0,7.75,No,Q
33,0,2,male,66.0,0,0,10.5,No,S
34,0,1,male,28.0,1,0,82.1708,No,C
35,0,1,male,42.0,1,0,52.0,No,S
36,1,3,male,22.8763068618881,0,0,7.2292,No,C
37,0,3,male,21.0,0,0,8.05,No,S
38,0,3,female,18.0,2,0,18.0,No,S
39,1,3,female,14.0,1,0,11.2417,No,C
40,0,3,female,40.0,1,0,9.475,No,S
41,0,2,female,27.0,1,0,21.0,No,S
42,0,3,male,27.947206162930836,0,0,7.8958,No,C
43,1,2,female,3.0,1,2,41.5792,No,C
44,1,3,female,19.0,0,0,7.8792,No,Q
45,0,3,male,30.70572677927052,0,0,8.05,No,S
46,0,3,male,33.12898535353537,1,0,15.5,No,Q
47,1,3,female,35.29582429902353,0,0,7.75,No,Q
48,0,3,male,23.459683333333334,2,0,21.6792,No,C
49,0,3,female,18.0,1,0,17.8,No,S
50,0,3,male,7.0,4,1,39.6875,No,S
51,0,3,male,21.0,0,0,7.8,No,S
52,1,1,female,49.0,1,0,76.7292,Yes,C
53,1,2,female,29.0,1,0,26.0,No,S
54,0,1,male,65.0,0,1,61.9792,Yes,C
55,1,1,male,44.06483035714284,0,0,35.5,Yes,S
56,1,2,female,21.0,0,0,10.5,No,S
57,0,3,male,28.5,0,0,7.2292,No,C
58,1,2,female,5.0,1,2,27.75,No,S
59,0,3,male,11.0,5,2,46.9,No,S
60,0,3,male,22.0,0,0,7.2292,No,C
61,1,1,female,38.0,0,0,80.0,Yes,
62,0,1,male,45.0,1,0,83.475,Yes,S
63,0,3,male,4.0,3,2,27.9,No,S
64,0,1,male,41.20008847763861,0,0,27.7208,No,C
65,1,3,male,17.099915952380954,1,1,15.2458,No,C
66,1,2,female,29.0,0,0,10.5,Yes,S
67,0,3,male,19.0,0,0,8.1583,No,S
68,1,3,female,17.0,4,2,7.925,No,S
69,0,3,male,26.0,2,0,8.6625,No,S
70,0,2,male,32.0,0,0,10.5,No,S
71,0,3,female,16.0,5,2,46.9,No,S
72,0,2,male,21.0,0,0,73.5,No,S
73,0,3,male,26.0,1,0,14.4542,No,C
74,1,3,male,32.0,0,0,56.4958,No,S
75,0,3,male,25.0,0,0,7.65,Yes,S
76,0,3,male,27.947206162930836,0,0,7.8958,No,S
77,0,3,male,30.70572677927052,0,0,8.05,No,S
78,1,2,male,0.83,0,2,29.0,No,S
79,1,3,female,30.0,0,0,12.475,No,S
80,0,3,male,22.0,0,0,9.0,No,S
81,1,3,male,29.0,0,0,9.5,No,S
82,1,3,female,23.322627388583673,0,0,7.7875,No,Q
83,0,1,male,28.0,0,0,47.1,No,S
84,1,2,female,17.0,0,0,10.5,No,S
85,1,3,female,33.0,3,0,15.85,No,S
86,0,3,male,16.0,1,3,34.375,No,S
87,0,3,male,30.70572677927052,0,0,8.05,No,S
88,1,1,female,23.0,3,2,263.0,Yes,S
89,0,3,male,24.0,0,0,8.05,No,S
90,0,3,male,29.0,0,0,8.05,No,S
91,0,3,male,20.0,0,0,7.8542,No,S
92,0,1,male,46.0,1,0,61.175,Yes,S
93,0,3,male,26.0,1,2,20.575,No,S
94,0,3,male,59.0,0,0,7.25,No,S
95,0,3,male,30.70572677927052,0,0,8.05,No,S
96,0,1,male,71.0,0,0,34.6542,Yes,C
97,1,1,male,23.0,0,1,63.3583,Yes,C
98,1,2,female,34.0,0,1,23.0,No,S
99,0,2,male,34.0,1,0,26.0,No,S
100,0,3,female,28.0,0,0,7.8958,No,S
101,0,3,male,27.947206162930836,0,0,7.8958,No,S
102,0,1,male,21.0,0,1,77.2875,Yes,S
103,0,3,male,33.0,0,0,8.6542,No,S
104,0,3,male,37.0,2,0,7.925,No,S
105,0,3,male,28.0,0,0,7.8958,No,S
106,1,3,female,21.0,0,0,7.65,No,S
107,1,3,male,27.51545426285116,0,0,7.775,No,S
108,0,3,male,38.0,0,0,7.8958,No,S
109,1,3,female,33.55117590897664,1,0,24.15,No,Q
110,0,1,male,47.0,0,0,52.0,Yes,S
111,0,3,female,14.5,1,0,14.4542,No,C
112,0,3,male,22.0,0,0,8.05,No,S
113,0,3,female,20.0,1,0,9.825,No,S
114,0,3,female,17.0,0,0,14.4583,No,C
115,0,3,male,21.0,0,0,7.925,No,S
116,0,3,male,70.5,0,0,7.75,No,Q
117,0,2,male,29.0,1,0,21.0,No,S
118,0,1,male,24.0,0,1,247.5208,Yes,C
119,0,3,female,2.0,4,2,31.275,No,S
120,0,2,male,21.0,2,0,73.5,No,S
121,0,3,male,30.70572677927052,0,0,8.05,No,S
122,0,2,male,32.5,1,0,30.0708,No,C
123,1,2,female,32.5,0,0,13.0,Yes,S
124,0,1,male,54.0,0,1,77.2875,Yes,S
125,1,3,male,12.0,1,0,11.2417,No,C
126,0,3,male,35.29582429902353,0,0,7.75,No,Q
127,1,3,male,24.0,0,0,7.1417,No,S
128,1,3,female,25.78337698412699,1,1,22.3583,Yes,C
129,0,3,male,45.0,0,0,6.975,No,S
130,0,3,male,33.0,0,0,7.8958,No,C
131,0,3,male,20.0,0,0,7.05,No,S
132,0,3,female,47.0,1,0,14.5,No,S
133,1,2,female,29.0,1,0,26.0,No,S
134,0,2,male,25.0,0,0,13.0,No,S
135,0,2,male,23.0,0,0,15.0458,No,C
136,1,1,female,19.0,0,2,26.2833,Yes,S
137,0,1,male,37.0,1,0,53.1,Yes,S
138,0,3,male,16.0,0,0,9.2167,No,S
139,0,1,male,24.0,0,0,79.2,Yes,C
140,0,3,female,25.344095833333334,0,2,15.2458,No,C
141,1,3,female,22.0,0,0,7.75,No,S
142,1,3,female,24.0,1,0,15.85,No,S
143,0,3,male,19.0,0,0,6.75,No,Q
144,0,2,male,18.0,0,0,11.5,No,S
145,0,2,male,19.0,1,1,36.75,No,S
146,1,3,male,27.0,0,0,7.7958,No,S
147,0,3,female,9.0,2,2,34.375,No,S
148,0,2,male,36.5,0,2,26.0,Yes,S
149,0,2,male,42.0,0,0,13.0,No,S
150,0,2,male,51.0,0,0,12.525,No,S
151,1,1,female,22.0,1,0,66.6,Yes,S
152,0,3,male,55.5,0,0,8.05,No,S
153,0,3,male,40.5,0,2,14.5,No,S
154,0,3,male,29.78279612980004,0,0,7.3125,No,S
155,0,1,male,51.0,0,1,61.3792,No,C
156,1,3,female,16.0,0,0,7.7333,No,Q
157,0,3,male,30.0,0,0,8.05,No,S
158,0,3,male,25.523403343773115,0,0,8.6625,No,S
159,0,3,male,10.869866956654464,8,2,69.55,No,S
160,0,3,male,44.0,0,1,16.1,No,S
161,1,2,female,40.0,0,0,15.75,No,S
162,0,3,male,26.0,0,0,7.775,No,S
163,0,3,male,17.0,0,0,8.6625,No,S
164,0,3,male,1.0,4,1,39.6875,No,S
165,1,3,male,9.0,0,2,20.525,No,S
166,1,1,female,26.031882142857135,0,1,55.0,Yes,S
167,0,3,female,45.0,1,4,27.9,No,S
168,0,1,male,49.55427559523808,0,0,25.925,No,S
169,0,3,male,28.0,0,0,56.4958,No,S
170,0,1,male,61.0,0,0,33.5,Yes,S
171,0,3,male,4.0,4,1,29.125,No,Q
172,1,3,female,1.0,1,1,11.1333,No,S
173,0,3,male,21.0,0,0,7.925,No,S
174,0,1,male,56.0,0,0,30.6958,Yes,C
175,0,3,male,18.0,1,1,7.8542,No,S
176,0,3,male,7.309547041847048,3,1,25.4667,No,S
177,0,1,female,50.0,0,0,28.7125,Yes,C
178,0,2,male,30.0,0,0,13.0,No,S
179,0,3,male,36.0,0,0,0.0,No,S
180,0,3,female,10.869866956654464,8,2,69.55,No,S
181,0,2,male,31.718940476190475,0,0,15.05,No,C
182,0,3,male,9.0,4,2,31.3875,No,S
183,1,2,male,1.0,2,1,39.0,Yes,S
184,1,3,female,4.0,0,2,22.025,No,S
185,0,1,male,46.2497682359308,0,0,50.0,Yes,S
186,1,3,female,33.12898535353537,1,0,15.5,No,Q
187,1,1,male,45.0,0,0,26.55,No,S
188,0,3,male,40.0,1,1,15.5,No,Q
189,0,3,male,36.0,0,0,7.8958,No,S
190,1,2,female,32.0,0,0,13.0,No,S
191,0,2,male,19.0,0,0,13.0,No,S
192,1,3,female,19.0,1,0,7.8542,No,S
193,1,2,male,3.0,1,1,26.0,Yes,S
194,1,1,female,44.0,0,0,27.7208,Yes,C
195,1,1,female,58.0,0,0,146.5208,Yes,C
196,0,3,male,35.29582429902353,0,0,7.75,No,Q
197,0,3,male,42.0,0,1,8.4042,No,S
198,1,3,female,35.29582429902353,0,0,7.75,No,Q
199,0,2,female,24.0,0,0,13.0,No,S
200,0,3,male,28.0,0,0,9.5,No,S
201,0,3,male,10.869866956654464,8,2,69.55,No,S
202,0,3,male,34.0,0,0,6.4958,No,S
203,0,3,male,45.5,0,0,7.225,No,C
204,1,3,male,18.0,0,0,8.05,No,S
205,0,3,female,2.0,0,1,10.4625,Yes,S
206,0,3,male,32.0,1,0,15.85,No,S
207,1,3,male,26.0,0,0,18.7875,No,C
208,1,3,female,16.0,0,0,7.75,No,Q
209,1,1,male,40.0,0,0,31.0,Yes,C
210,0,3,male,24.0,0,0,7.05,No,S
211,1,2,female,35.0,0,0,21.0,No,S
212,0,3,male,22.0,0,0,7.25,No,S
213,0,2,male,30.0,0,0,13.0,No,S
214,0,3,male,31.09342985049901,1,0,7.75,No,Q
215,1,1,female,31.0,1,0,113.275,Yes,C
216,1,3,female,27.0,0,0,7.925,No,S
217,0,2,male,42.0,1,0,27.0,No,S
218,1,1,female,32.0,0,0,76.2917,Yes,C
219,0,2,male,30.0,0,0,10.5,No,S
220,1,3,male,16.0,0,0,8.05,No,S
221,0,2,male,27.0,0,0,13.0,No,S
222,0,3,male,51.0,0,0,8.05,No,S
223,0,3,male,27.947206162930836,0,0,7.8958,No,S
224,1,1,male,38.0,1,0,90.0,Yes,S
225,0,3,male,22.0,0,0,9.35,No,S
226,1,2,male,19.0,0,0,10.5,No,S
227,0,3,male,20.5,0,0,7.25,No,S
228,0,2,male,18.0,0,0,13.0,No,S
229,0,3,female,7.309547041847048,3,1,25.4667,No,S
230,1,1,female,35.0,1,0,83.475,Yes,S
231,0,3,male,29.0,0,0,7.775,No,S
232,0,2,male,59.0,0,0,13.5,No,S
233,1,3,female,5.0,4,2,31.3875,No,S
234,0,2,male,24.0,0,0,10.5,No,S
235,0,3,female,31.10838452380953,0,0,7.55,No,S
236,0,2,male,44.0,1,0,26.0,No,S
237,1,2,female,8.0,0,2,26.25,No,S
238,0,2,male,19.0,0,0,10.5,No,S
239,0,2,male,33.0,0,0,12.275,No,S
240,0,3,female,20.800154130591643,1,0,14.4542,No,C
241,1,3,female,33.12898535353537,1,0,15.5,No,Q
242,0,2,male,29.0,0,0,10.5,No,S
243,0,3,male,22.0,0,0,7.125,No,S
244,0,3,male,30.0,0,0,7.225,No,C
245,0,1,male,44.0,2,0,90.0,Yes,Q
246,0,3,female,25.0,0,0,7.775,No,S
247,1,2,female,24.0,0,2,14.5,No,S
248,1,1,male,37.0,1,1,52.5542,Yes,S
249,0,2,male,54.0,1,0,26.0,No,S
250,0,3,male,29.78279612980004,0,0,7.25,No,S
251,0,3,female,29.0,1,1,10.4625,Yes,S
252,0,1,male,62.0,0,0,26.55,Yes,S
253,0,3,male,30.0,1,0,16.1,No,S
254,0,3,female,41.0,0,2,20.2125,No,S
255,1,3,female,29.0,0,2,15.2458,No,C
256,1,1,female,34.620285714285735,0,0,79.2,No,C
257,1,1,female,30.0,0,0,86.5,Yes,S
258,1,1,female,35.0,0,0,512.3292,No,C
259,1,2,female,50.0,0,1,26.0,No,S
260,0,3,male,35.29582429902353,0,0,7.75,No,Q
261,1,3,male,3.0,4,2,31.3875,No,S
262,0,1,male,52.0,1,1,79.65,Yes,S
263,0,1,male,40.0,0,0,0.0,Yes,S
264,0,3,female,35.29582429902353,0,0,7.75,No,Q
265,0,2,male,36.0,0,0,10.5,No,S
266,0,3,male,16.0,4,1,39.6875,No,S
267,1,3,male,25.0,1,0,7.775,No,S
268,1,1,female,58.0,0,1,153.4625,Yes,S
269,1,1,female,35.0,0,0,135.6333,Yes,S
270,0,1,male,36.87489821428567,0,0,31.0,No,S
271,1,3,male,25.0,0,0,0.0,No,S
272,1,2,female,41.0,0,1,19.5,No,S
273,0,1,male,37.0,0,1,29.7,Yes,C
274,1,3,female,35.29582429902353,0,0,7.75,No,Q
275,1,1,female,63.0,1,0,77.9583,Yes,S
276,0,3,female,45.0,0,0,7.75,No,S
277,0,2,male,35.05181756856165,0,0,0.0,No,S
278,0,3,male,7.0,4,1,29.125,No,Q
279,1,3,female,35.0,1,1,20.25,No,S
280,0,3,male,65.0,0,0,7.75,No,Q
281,0,3,male,28.0,0,0,7.8542,No,S
282,0,3,male,16.0,0,0,9.5,No,S
283,1,3,male,19.0,0,0,8.05,No,S
284,0,1,male,57.74249226190475,0,0,26.0,Yes,S
285,0,3,male,33.0,0,0,8.6625,No,C
286,1,3,male,30.0,0,0,9.5,No,S
287,0,3,male,22.0,0,0,7.8958,No,S
288,1,2,male,42.0,0,0,13.0,No,S
289,1,3,female,22.0,0,0,7.75,No,Q
290,1,1,female,26.0,0,0,78.85,No,S
291,1,1,female,19.0,1,0,91.0792,Yes,C
292,0,2,male,36.0,0,0,12.875,Yes,C
293,0,3,female,24.0,0,0,8.85,No,S
294,0,3,male,24.0,0,0,7.8958,No,S
295,0,1,male,41.20008847763861,0,0,27.7208,No,C
296,0,3,male,23.5,0,0,7.2292,No,C
297,0,1,female,2.0,1,2,151.55,Yes,S
298,1,1,male,41.574877182539716,0,0,30.5,Yes,S
299,1,1,female,50.0,0,1,247.5208,Yes,C
300,1,3,female,35.29582429902353,0,0,7.75,No,Q
301,1,3,male,23.31368333333333,2,0,23.25,No,Q
302,0,3,male,19.0,0,0,0.0,No,S
303,1,2,female,42.57451553615305,0,0,12.35,Yes,Q
304,0,3,male,30.70572677927052,0,0,8.05,No,S
305,1,1,male,0.92,1,2,151.55,Yes,S
306,1,1,female,28.57888392857143,0,0,110.8833,No,C
307,1,1,female,17.0,1,0,108.9,Yes,C
308,0,2,male,30.0,1,0,24.0,No,C
309,1,1,female,30.0,0,0,56.9292,Yes,C
310,1,1,female,24.0,0,0,83.1583,Yes,C
311,1,1,female,18.0,2,2,262.375,Yes,C
312,0,2,female,26.0,1,1,26.0,No,S
313,0,3,male,28.0,0,0,7.8958,No,S
314,0,2,male,43.0,1,1,26.25,No,S
315,1,3,female,26.0,0,0,7.8542,No,S
316,1,2,female,24.0,1,0,26.0,No,S
317,0,2,male,54.0,0,0,14.0,No,S
318,1,1,female,31.0,0,2,164.8667,Yes,S
319,1,1,female,40.0,1,1,134.5,Yes,C
320,0,3,male,22.0,0,0,7.25,No,S
321,0,3,male,27.0,0,0,7.8958,No,S
322,1,2,female,30.0,0,0,12.35,No,Q
323,1,2,female,22.0,1,1,29.0,No,S
324,0,3,male,10.869866956654464,8,2,69.55,No,S
325,1,1,female,36.0,0,0,135.6333,Yes,C
326,0,3,male,61.0,0,0,6.2375,No,S
327,1,2,female,36.0,0,0,13.0,Yes,S
328,1,3,female,31.0,1,1,20.525,No,S
329,1,1,female,16.0,0,1,57.9792,Yes,C
330,1,3,female,23.31368333333333,2,0,23.25,No,Q
331,0,1,male,45.5,0,0,28.5,Yes,S
332,0,1,male,38.0,0,1,153.4625,Yes,S
333,0,3,male,16.0,2,0,18.0,No,S
334,1,1,female,31.425877936507973,1,0,133.65,No,S
335,0,3,male,27.947206162930836,0,0,7.8958,No,S
336,0,1,male,29.0,1,0,66.6,Yes,S
337,1,1,female,41.0,0,0,134.5,Yes,C
338,1,3,male,45.0,0,0,8.05,No,S
339,0,1,male,45.0,0,0,35.5,Yes,S
340,1,2,male,2.0,1,1,26.0,Yes,S
341,1,1,female,24.0,3,2,263.0,Yes,S
342,0,2,male,28.0,0,0,13.0,No,S
343,0,2,male,25.0,0,0,13.0,No,S
344,0,2,male,36.0,0,0,13.0,No,S
345,1,2,female,24.0,0,0,13.0,Yes,S
346,1,2,female,40.0,0,0,13.0,No,S
347,1,3,female,26.689168488455994,1,0,16.1,No,S
348,1,3,male,3.0,1,1,15.9,No,S
349,0,3,male,42.0,0,0,8.6625,No,S
350,0,3,male,23.0,0,0,9.225,No,S
351,0,1,male,59.96916448412696,0,0,35.0,Yes,S
352,0,3,male,15.0,1,1,7.2292,No,C
353,0,3,male,25.0,1,0,17.8,No,S
354,0,3,male,29.51820514208015,0,0,7.225,No,C
355,0,3,male,28.0,0,0,9.5,No,S
356,1,1,female,22.0,0,1,55.0,Yes,S
357,0,2,female,38.0,0,0,13.0,No,S
358,1,3,female,22.380113238826777,0,0,7.8792,No,Q
359,1,3,female,22.380113238826777,0,0,7.8792,No,Q
360,0,3,male,40.0,1,4,27.9,No,S
361,0,2,male,29.0,1,0,27.7208,No,C
362,0,3,female,45.0,0,1,14.4542,No,C
363,0,3,male,35.0,0,0,7.05,No,S
364,0,3,male,33.12898535353537,1,0,15.5,No,Q
365,0,3,male,30.0,0,0,7.25,No,S
366,1,1,female,60.0,1,0,75.25,Yes,C
367,1,3,female,22.8763068618881,0,0,7.2292,No,C
368,1,3,female,35.29582429902353,0,0,7.75,No,Q
369,1,1,female,24.0,0,0,69.3,Yes,C
370,1,1,male,25.0,1,0,55.4417,Yes,C
371,0,3,male,18.0,1,0,6.4958,No,S
372,0,3,male,19.0,0,0,8.05,No,S
373,0,1,male,22.0,0,0,135.6333,No,C
374,0,3,female,3.0,3,1,21.075,No,S
375,1,1,female,31.94479345238094,1,0,82.1708,No,C
376,1,3,female,22.0,0,0,7.25,No,S
377,0,1,male,27.0,0,2,211.5,Yes,C
378,0,3,male,20.0,0,0,4.0125,No,C
379,0,3,male,19.0,0,0,7.775,No,S
380,1,1,female,42.0,0,0,227.525,No,C
381,1,3,female,1.0,0,2,15.7417,No,C
382,0,3,male,32.0,0,0,7.925,No,S
383,1,1,female,35.0,1,0,52.0,No,S
384,0,3,male,27.947206162930836,0,0,7.8958,No,S
385,0,2,male,18.0,0,0,73.5,No,S
386,0,3,male,1.0,5,2,46.9,No,S
387,1,2,female,36.0,0,0,13.0,No,S
388,0,3,male,19.895581126712127,0,0,7.7292,No,Q
389,1,2,female,17.0,0,0,12.0,No,C
390,1,1,male,36.0,1,2,120.0,Yes,S
391,1,3,male,21.0,0,0,7.7958,No,S
392,0,3,male,28.0,2,0,7.925,No,S
393,1,1,female,23.0,1,0,113.275,Yes,C
394,1,3,female,24.0,0,2,16.7,Yes,S
395,0,3,male,22.0,0,0,7.7958,No,S
396,0,3,female,31.0,0,0,7.8542,No,S
397,0,2,male,46.0,0,0,26.0,No,S
398,0,2,male,23.0,0,0,10.5,No,S
399,1,2,female,28.0,0,0,12.65,No,S
400,1,3,male,39.0,0,0,7.925,No,S
401,0,3,male,26.0,0,0,8.05,No,S
402,0,3,female,21.0,1,0,9.825,No,S
403,0,3,male,28.0,1,0,15.85,No,S
404,0,3,female,20.0,0,0,8.6625,No,S
405,0,2,male,34.0,1,0,21.0,No,S
406,0,3,male,51.0,0,0,7.75,No,S
407,1,2,male,3.0,1,1,18.75,No,S
408,0,3,male,21.0,0,0,7.775,No,S
409,0,3,female,7.309547041847048,3,1,25.4667,No,S
410,0,3,male,27.947206162930836,0,0,7.8958,No,S
411,0,3,male,20.681314880952385,0,0,6.8583,No,Q
412,1,1,female,33.0,1,0,90.0,Yes,Q
413,0,2,male,35.05181756856165,0,0,0.0,No,S
414,1,3,male,44.0,0,0,7.925,No,S
415,0,3,female,30.70572677927052,0,0,8.05,No,S
416,1,2,female,34.0,1,1,32.5,No,S
417,1,2,female,18.0,0,2,13.0,No,S
418,0,2,male,30.0,0,0,13.0,No,S
419,0,3,female,10.0,0,2,24.15,No,S
420,0,3,male,27.947206162930836,0,0,7.8958,No,C
421,0,3,male,21.0,0,0,7.7333,No,Q
422,0,3,male,29.0,0,0,7.875,No,S
423,0,3,female,28.0,1,1,14.4,No,S
424,0,3,male,18.0,1,1,20.2125,No,S
425,0,3,male,29.78279612980004,0,0,7.25,No,S
426,1,2,female,28.0,1,0,26.0,No,S
427,1,2,female,19.0,0,0,26.0,No,S
428,0,3,male,35.29582429902353,0,0,7.75,No,Q
429,1,3,male,32.0,0,0,8.05,Yes,S
430,1,1,male,28.0,0,0,26.55,Yes,S
431,1,3,female,26.689168488455994,1,0,16.1,No,S
432,1,2,female,42.0,1,0,26.0,No,S
433,0,3,male,17.0,0,0,7.125,No,S
434,0,1,male,50.0,1,0,55.9,Yes,S
435,1,1,female,14.0,1,2,120.0,Yes,S
436,0,3,female,21.0,2,2,34.375,No,S
437,1,2,female,24.0,2,3,18.75,No,S
438,0,1,male,64.0,1,4,263.0,Yes,S
439,0,2,male,31.0,0,0,10.5,No,S
440,1,2,female,45.0,1,1,26.25,No,S
441,0,3,male,20.0,0,0,9.5,No,S
442,0,3,male,25.0,1,0,7.775,No,S
443,1,2,female,28.0,0,0,13.0,No,S
444,1,3,male,23.476432389643715,0,0,8.1125,No,S
445,1,1,male,4.0,0,2,81.8583,Yes,S
446,1,2,female,13.0,0,1,19.5,No,S
447,1,1,male,34.0,0,0,26.55,No,S
448,1,3,female,5.0,2,1,19.2583,No,C
449,1,1,male,52.0,0,0,30.5,Yes,S
450,0,2,male,36.0,1,2,27.75,No,S
451,0,3,male,24.10899880952382,1,0,19.9667,No,S
452,0,1,male,30.0,0,0,27.75,Yes,C
453,1,1,male,49.0,1,0,89.1042,Yes,C
454,0,3,male,30.70572677927052,0,0,8.05,No,S
455,1,3,male,29.0,0,0,7.8958,No,C
456,0,1,male,65.0,0,0,26.55,Yes,S
457,1,1,female,44.06001827200576,1,0,51.8625,Yes,S
458,1,2,female,50.0,0,0,10.5,No,S
459,0,3,male,35.29582429902353,0,0,7.75,No,Q
460,1,1,male,48.0,0,0,26.55,Yes,S
461,0,3,male,34.0,0,0,8.05,No,S
462,0,1,male,47.0,0,0,38.5,Yes,S
463,0,2,male,48.0,0,0,13.0,No,S
464,0,3,male,30.70572677927052,0,0,8.05,No,S
465,0,3,male,38.0,0,0,7.05,No,S
466,0,2,male,35.05181756856165,0,0,0.0,No,S
467,0,1,male,56.0,0,0,26.55,No,S
468,0,3,male,19.895581126712127,0,0,7.725,No,Q
469,1,3,female,0.75,2,1,19.2583,No,C
470,0,3,male,29.78279612980004,0,0,7.25,No,S
471,0,3,male,38.0,0,0,8.6625,No,S
472,1,2,female,33.0,1,2,27.75,No,S
473,1,2,female,23.0,0,0,13.7917,Yes,C
474,0,3,female,22.0,0,0,9.8375,No,S
475,0,1,male,44.65953055555558,0,0,52.0,Yes,S
476,0,2,male,34.0,1,0,21.0,No,S
477,0,3,male,29.0,1,0,7.0458,No,S
478,0,3,male,22.0,0,0,7.5208,No,S
479,1,3,female,2.0,0,1,12.2875,No,S
480,0,3,male,9.0,5,2,46.9,No,S
481,0,2,male,35.05181756856165,0,0,0.0,No,S
482,0,3,male,50.0,0,0,8.05,No,S
483,1,3,female,63.0,0,0,9.5875,No,S
484,1,1,male,25.0,1,0,91.0792,Yes,C
485,0,3,female,7.309547041847048,3,1,25.4667,No,S
486,1,1,female,35.0,1,0,90.0,Yes,S
487,0,1,male,58.0,0,0,29.7,Yes,C
488,0,3,male,30.0,0,0,8.05,No,S
489,1,3,male,9.0,1,1,15.9,No,S
490,0,3,male,24.10899880952382,1,0,19.9667,No,S
491,0,3,male,21.0,0,0,7.25,No,S
492,0,1,male,55.0,0,0,30.5,Yes,S
493,0,1,male,71.0,0,0,49.5042,No,C
494,0,3,male,21.0,0,0,8.05,No,S
495,0,3,male,18.19479484126986,0,0,14.4583,No,C
496,1,1,female,54.0,1,0,78.2667,Yes,C
497,0,3,male,25.75547529761905,0,0,15.1,No,S
498,0,1,female,25.0,1,2,151.55,Yes,S
499,0,3,male,24.0,0,0,7.7958,No,S
500,0,3,male,17.0,0,0,8.6625,No,S
501,0,3,female,21.0,0,0,7.75,No,Q
502,0,3,female,26.820732810245318,0,0,7.6292,No,Q
503,0,3,female,37.0,0,0,9.5875,No,S
504,1,1,female,16.0,0,0,86.5,Yes,S
505,0,1,male,18.0,1,0,108.9,Yes,C
506,1,2,female,33.0,0,2,26.0,No,S
507,1,1,male,49.8994093015281,0,0,26.55,No,S
508,0,3,male,28.0,0,0,22.525,No,S
509,1,3,male,26.0,0,0,56.4958,No,S
510,1,3,male,29.0,0,0,7.75,No,Q
511,0,3,male,30.70572677927052,0,0,8.05,No,S
512,1,1,male,36.0,0,0,26.2875,Yes,S
513,1,1,female,54.0,1,0,59.4,No,C
514,0,3,male,24.0,0,0,7.4958,No,S
515,0,1,male,47.0,0,0,34.0208,Yes,S
516,1,2,female,34.0,0,0,10.5,Yes,S
517,0,3,male,34.17374861111111,0,0,24.15,No,Q
518,1,2,female,36.0,1,0,26.0,No,S
519,0,3,male,32.0,0,0,7.8958,No,S
520,1,1,female,30.0,0,0,93.5,Yes,S
521,0,3,male,22.0,0,0,7.8958,No,S
522,0,3,male,29.51820514208015,0,0,7.225,No,C
523,1,1,female,44.0,0,1,57.9792,Yes,C
524,0,3,male,22.8763068618881,0,0,7.2292,No,C
525,0,3,male,40.5,0,0,7.75,No,Q
526,1,2,female,50.0,0,0,10.5,No,S
527,0,1,male,38.51549999999996,0,0,221.7792,Yes,S
528,0,3,male,39.0,0,0,7.925,No,S
529,0,2,male,23.0,2,1,11.5,No,S
530,1,2,female,2.0,1,1,26.0,No,S
531,0,3,male,22.8763068618881,0,0,7.2292,No,C
532,0,3,male,17.0,1,1,7.2292,No,C
533,1,3,female,8.013702976190478,0,2,22.3583,No,C
534,0,3,female,30.0,0,0,8.6625,No,S
535,1,2,female,7.0,0,2,26.25,No,S
536,0,1,male,45.0,0,0,26.55,Yes,S
537,1,1,female,30.0,0,0,106.425,No,C
538,0,3,male,24.330216964285718,0,0,14.5,No,S
539,1,1,female,22.0,0,2,49.5,Yes,C
540,1,1,female,36.0,0,2,71.0,Yes,S
541,0,3,female,9.0,4,2,31.275,No,S
542,0,3,female,11.0,4,2,31.275,No,S
543,1,2,male,32.0,1,0,26.0,No,S
544,0,1,male,50.0,1,0,106.425,Yes,C
545,0,1,male,64.0,0,0,26.0,No,S
546,1,2,female,19.0,1,0,26.0,No,S
547,1,2,male,32.795024282661785,0,0,13.8625,No,C
548,0,3,male,33.0,1,1,20.525,No,S
549,1,2,male,8.0,1,1,36.75,No,S
550,1,1,male,17.0,0,2,110.8833,Yes,C
551,0,2,male,27.0,0,0,26.0,No,S
552,0,3,male,26.381424902342278,0,0,7.8292,No,Q
553,1,3,male,22.0,0,0,7.225,No,C
554,1,3,female,22.0,0,0,7.775,No,S
555,0,1,male,62.0,0,0,26.55,No,S
556,1,1,female,48.0,1,0,39.6,Yes,C
557,0,1,male,38.51549999999996,0,0,227.525,No,C
558,1,1,female,39.0,1,1,79.65,Yes,S
559,1,3,female,36.0,1,0,17.4,No,S
560,0,3,male,35.29582429902353,0,0,7.75,No,Q
561,0,3,male,40.0,0,0,7.8958,No,S
562,0,2,male,28.0,0,0,13.5,No,S
563,0,3,male,30.70572677927052,0,0,8.05,No,S
564,0,3,female,30.70572677927052,0,0,8.05,No,S
565,0,3,male,24.0,2,0,24.15,No,S
566,0,3,male,19.0,0,0,7.8958,No,S
567,0,3,female,29.0,0,4,21.075,No,S
568,0,3,male,22.8763068618881,0,0,7.2292,No,C
569,1,3,male,32.0,0,0,7.8542,No,S
570,1,2,male,62.0,0,0,10.5,No,S
571,1,1,female,53.0,2,0,51.4792,Yes,S
572,1,1,male,36.0,0,0,26.3875,Yes,S
573,1,3,female,35.29582429902353,0,0,7.75,No,Q
574,0,3,male,16.0,0,0,8.05,No,S
575,0,3,male,19.0,0,0,14.5,No,S
576,1,2,female,34.0,0,0,13.0,No,S
577,1,1,female,39.0,1,0,55.9,Yes,S
578,0,3,female,20.070167730880257,1,0,14.4583,No,C
579,1,3,male,32.0,0,0,7.925,No,S
580,1,2,female,25.0,1,1,30.0,No,S
581,1,1,female,39.0,1,1,110.8833,Yes,C
582,0,2,male,54.0,0,0,26.0,No,S
583,0,1,male,36.0,0,0,40.125,Yes,C
584,0,3,male,29.042938654807116,0,0,8.7125,No,C
585,1,1,female,18.0,0,2,79.65,Yes,S
586,0,2,male,47.0,0,0,15.0,No,S
587,1,1,male,60.0,1,1,79.2,Yes,C
588,0,3,male,22.0,0,0,8.05,No,S
589,0,3,male,30.70572677927052,0,0,8.05,No,S
590,0,3,male,35.0,0,0,7.125,No,S
591,1,1,female,52.0,1,0,78.2667,Yes,C
592,0,3,male,47.0,0,0,7.25,No,S
593,0,3,female,27.45639428387072,0,2,7.75,No,Q
594,0,2,male,37.0,1,0,26.0,No,S
595,0,3,male,36.0,1,1,24.15,No,S
596,1,2,female,24.40235513791767,0,0,33.0,No,S
597,0,3,male,49.0,0,0,0.0,No,S
598,0,3,male,29.51820514208015,0,0,7.225,No,C
599,1,1,male,49.0,1,0,56.9292,Yes,C
600,1,2,female,24.0,2,1,27.0,No,S
601,0,3,male,27.947206162930836,0,0,7.8958,No,S
602,0,1,male,37.51615833333333,0,0,42.4,No,S
603,0,3,male,44.0,0,0,8.05,No,S
604,1,1,male,35.0,0,0,26.55,No,C
605,0,3,male,36.0,1,0,15.55,No,S
606,0,3,male,30.0,0,0,7.8958,No,S
607,1,1,male,27.0,0,0,30.5,No,S
608,1,2,female,22.0,1,2,41.5792,No,C
609,1,1,female,40.0,0,0,153.4625,Yes,S
610,0,3,female,39.0,1,5,31.275,No,S
611,0,3,male,27.868736986624466,0,0,7.05,No,S
612,1,3,female,33.12898535353537,1,0,15.5,No,Q
613,0,3,male,35.29582429902353,0,0,7.75,No,Q
614,0,3,male,35.0,0,0,8.05,No,S
615,1,2,female,24.0,1,2,65.0,No,S
616,0,3,male,34.0,1,1,14.4,No,S
617,0,3,female,26.0,1,0,16.1,No,S
618,1,2,female,4.0,2,1,39.0,Yes,S
619,0,2,male,26.0,0,0,10.5,No,S
620,0,3,male,27.0,1,0,14.4542,No,C
621,1,1,male,42.0,1,0,52.5542,Yes,S
622,1,3,male,20.0,1,1,15.7417,No,C
623,0,3,male,21.0,0,0,7.8542,No,S
624,0,3,male,21.0,0,0,16.1,No,S
625,0,1,male,61.0,0,0,32.3208,Yes,S
626,0,2,male,57.0,0,0,12.35,No,Q
627,1,1,female,21.0,0,0,77.9583,Yes,S
628,0,3,male,26.0,0,0,7.8958,No,S
629,0,3,male,19.895581126712127,0,0,7.7333,No,Q
630,1,1,male,80.0,0,0,30.0,Yes,S
631,0,3,male,51.0,0,0,7.0542,No,S
632,1,1,male,32.0,0,0,30.5,Yes,C
633,0,1,male,38.83477483766232,0,0,0.0,No,S
634,0,3,female,9.0,3,2,27.9,No,S
635,1,2,female,28.0,0,0,13.0,No,S
636,0,3,male,32.0,0,0,7.925,No,S
637,0,2,male,31.0,1,1,26.25,No,S
638,0,3,female,41.0,0,5,39.6875,No,S
639,0,3,male,26.689168488455994,1,0,16.1,No,S
640,0,3,male,20.0,0,0,7.8542,No,S
641,1,1,female,24.0,0,0,69.3,Yes,C
642,0,3,female,2.0,3,2,27.9,No,S
643,1,3,male,29.56889808802305,0,0,56.4958,No,S
644,1,3,female,0.75,2,1,19.2583,No,C
645,1,1,male,48.0,1,0,76.7292,Yes,C
646,0,3,male,19.0,0,0,7.8958,No,S
647,1,1,male,56.0,0,0,35.5,Yes,C
648,0,3,male,31.10838452380953,0,0,7.55,No,S
649,1,3,female,23.0,0,0,7.55,No,S
650,0,3,male,27.947206162930836,0,0,7.8958,No,S
651,1,2,female,18.0,0,1,23.0,No,S
652,0,3,male,21.0,0,0,8.4333,No,S
653,1,3,female,26.381424902342278,0,0,7.8292,No,Q
654,0,3,female,18.0,0,0,6.75,No,Q
655,0,2,male,24.0,2,0,73.5,No,S
656,0,3,male,27.947206162930836,0,0,7.8958,No,S
657,0,3,female,32.0,1,1,15.5,No,Q
658,0,2,male,23.0,0,0,13.0,No,S
659,0,1,male,58.0,0,2,113.275,Yes,C
660,1,1,male,50.0,2,0,133.65,No,S
661,0,3,male,40.0,0,0,7.225,No,C
662,0,1,male,47.0,0,0,25.5875,Yes,S
663,0,3,male,36.0,0,0,7.4958,No,S
664,1,3,male,20.0,1,0,7.925,No,S
665,0,2,male,32.0,2,0,73.5,No,S
666,0,2,male,25.0,0,0,13.0,No,S
667,0,3,male,27.51545426285116,0,0,7.775,No,S
668,0,3,male,43.0,0,0,8.05,No,S
669,1,1,female,39.08817813852811,1,0,52.0,Yes,S
670,1,2,female,40.0,1,1,39.0,No,S
671,0,1,male,31.0,1,0,52.0,Yes,S
672,0,2,male,70.0,0,0,10.5,No,S
673,1,2,male,31.0,0,0,13.0,No,S
674,0,2,male,35.05181756856165,0,0,0.0,No,S
675,0,3,male,18.0,0,0,7.775,No,S
676,0,3,male,24.5,0,0,8.05,No,S
677,1,3,female,18.0,0,0,9.8417,No,S
678,0,3,female,43.0,1,6,46.9,No,S
679,1,1,male,36.0,0,1,512.3292,Yes,C
680,0,3,female,23.476432389643715,0,0,8.1375,No,Q
681,1,1,male,27.0,0,0,76.7292,Yes,C
682,0,3,male,20.0,0,0,9.225,No,S
683,0,3,male,14.0,5,2,46.9,No,S
684,0,2,male,60.0,1,1,39.0,No,S
685,0,2,male,25.0,1,2,41.5792,No,C
686,0,3,male,14.0,4,1,39.6875,No,S
687,0,3,male,19.0,0,0,10.1708,No,S
688,0,3,male,18.0,0,0,7.7958,No,S
689,1,1,female,15.0,0,1,211.3375,Yes,S
690,1,1,male,31.0,1,0,57.0,Yes,S
691,1,3,female,4.0,0,1,13.4167,No,C
692,1,3,male,29.56889808802305,0,0,56.4958,No,S
693,0,3,male,25.0,0,0,7.225,No,C
694,0,1,male,60.0,0,0,26.55,No,S
695,0,2,male,52.0,0,0,13.5,No,S
696,0,3,male,44.0,0,0,8.05,No,S
697,1,3,female,19.895581126712127,0,0,7.7333,No,Q
698,0,1,male,49.0,1,1,110.8833,Yes,C
699,0,3,male,42.0,0,0,7.65,Yes,S
700,1,1,female,18.0,1,0,227.525,Yes,C
701,1,1,male,35.0,0,0,26.2875,Yes,S
702,0,3,female,18.0,0,1,14.4542,No,C
703,0,3,male,25.0,0,0,7.7417,No,Q
704,0,3,male,26.0,1,0,7.8542,No,S
705,0,2,male,39.0,0,0,26.0,No,S
706,1,2,female,45.0,0,0,13.5,No,S
707,1,1,male,42.0,0,0,26.2875,Yes,S
708,1,1,female,22.0,0,0,151.55,No,S
709,1,3,male,17.099915952380954,1,1,15.2458,No,C
710,1,1,female,24.0,0,0,49.5042,Yes,C
711,0,1,male,49.8994093015281,0,0,26.55,Yes,S
712,1,1,male,48.0,1,0,52.0,Yes,S
713,0,3,male,29.0,0,0,9.4833,No,S
714,0,2,male,52.0,0,0,13.0,No,S
715,0,3,male,19.0,0,0,7.65,Yes,S
716,1,1,female,38.0,0,0,227.525,Yes,C
717,1,2,female,27.0,0,0,10.5,Yes,S
718,0,3,male,27.308873908730178,0,0,15.5,No,Q
719,0,3,male,33.0,0,0,7.775,No,S
720,1,2,female,6.0,0,1,33.0,No,S
721,0,3,male,17.0,1,0,7.0542,No,S
722,0,2,male,34.0,0,0,13.0,No,S
723,0,2,male,50.0,0,0,13.0,No,S
724,1,1,male,27.0,1,0,53.1,Yes,S
725,0,3,male,20.0,0,0,8.6625,No,S
726,1,2,female,30.0,3,0,21.0,No,S
727,1,3,female,19.895581126712127,0,0,7.7375,No,Q
728,0,2,male,25.0,1,0,26.0,No,S
729,0,3,female,25.0,1,0,7.925,No,S
730,1,1,female,29.0,0,0,211.3375,Yes,S
731,0,3,male,11.0,0,0,18.7875,No,C
732,0,2,male,35.05181756856165,0,0,0.0,No,S
733,0,2,male,23.0,0,0,13.0,No,S
734,0,2,male,23.0,0,0,13.0,No,S
735,0,3,male,28.5,0,0,16.1,No,S
736,0,3,female,48.0,1,3,34.375,No,S
737,1,1,male,35.0,0,0,512.3292,Yes,C
738,0,3,male,27.947206162930836,0,0,7.8958,No,S
739,0,3,male,27.947206162930836,0,0,7.8958,No,S
740,1,1,male,38.42663175019419,0,0,30.0,Yes,S
741,0,1,male,36.0,1,0,78.85,Yes,S
742,1,1,female,21.0,2,2,262.375,Yes,C
743,0,3,male,24.0,1,0,16.1,No,S
744,1,3,male,31.0,0,0,7.925,No,S
745,0,1,male,70.0,1,1,71.0,Yes,S
746,0,3,male,16.0,1,1,20.25,No,S
747,1,2,female,30.0,0,0,13.0,No,S
748,0,1,male,19.0,1,0,53.1,Yes,S
749,0,3,male,31.0,0,0,7.75,No,Q
750,1,2,female,4.0,1,1,23.0,No,S
751,1,3,male,6.0,0,1,12.475,Yes,S
752,0,3,male,33.0,0,0,9.5,No,S
753,0,3,male,23.0,0,0,7.8958,No,S
754,1,2,female,48.0,1,2,65.0,No,S
755,1,2,male,0.67,1,1,14.5,No,S
756,0,3,male,28.0,0,0,7.7958,No,S
757,0,2,male,18.0,0,0,11.5,No,S
758,0,3,male,34.0,0,0,8.05,No,S
759,1,1,female,33.0,0,0,86.5,Yes,S
760,0,3,male,24.330216964285718,0,0,14.5,No,S
761,0,3,male,41.0,0,0,7.125,No,S
762,1,3,male,20.0,0,0,7.2292,No,C
763,1,1,female,36.0,1,2,120.0,Yes,S
764,0,3,male,16.0,0,0,7.775,No,S
765,1,1,female,51.0,1,0,77.9583,Yes,S
766,0,1,male,39.1749023809524,0,0,39.6,No,C
767,0,3,female,30.5,0,0,7.75,No,Q
768,0,3,male,33.55117590897664,1,0,24.15,No,Q
769,0,3,male,32.0,0,0,8.3625,No,S
770,0,3,male,24.0,0,0,9.5,No,S
771,0,3,male,48.0,0,0,7.8542,No,S
772,0,2,female,57.0,0,0,10.5,Yes,S
773,0,3,male,29.51820514208015,0,0,7.225,No,C
774,1,2,female,54.0,1,3,23.0,No,S
775,0,3,male,18.0,0,0,7.75,No,S
776,0,3,male,35.29582429902353,0,0,7.75,Yes,Q
777,1,3,female,5.0,0,0,12.475,No,S
778,0,3,male,19.895581126712127,0,0,7.7375,No,Q
779,1,1,female,43.0,0,1,211.3375,Yes,S
780,1,3,female,13.0,0,0,7.2292,No,C
781,1,1,female,17.0,1,0,57.0,Yes,S
782,0,1,male,29.0,0,0,30.0,Yes,S
783,0,3,male,16.193950198412704,1,2,23.45,No,S
784,0,3,male,25.0,0,0,7.05,No,S
785,0,3,male,25.0,0,0,7.25,No,S
786,1,3,female,18.0,0,0,7.4958,No,S
787,0,3,male,8.0,4,1,29.125,No,Q
788,1,3,male,1.0,1,2,20.575,No,S
789,0,1,male,46.0,0,0,79.2,Yes,C
790,0,3,male,35.29582429902353,0,0,7.75,No,Q
791,0,2,male,16.0,0,0,26.0,No,S
792,0,3,female,10.869866956654464,8,2,69.55,No,S
793,0,1,male,50.38328427128426,0,0,30.6958,No,C
794,0,3,male,25.0,0,0,7.8958,No,S
795,0,2,male,39.0,0,0,13.0,No,S
796,1,1,female,49.0,0,0,25.9292,Yes,S
797,1,3,female,31.0,0,0,8.6833,No,S
798,0,3,male,30.0,0,0,7.2292,No,C
799,0,3,female,30.0,1,1,24.15,No,S
800,0,2,male,34.0,0,0,13.0,No,S
801,1,2,female,31.0,1,1,26.25,No,S
802,1,1,male,11.0,1,2,120.0,Yes,S
803,1,3,male,0.42,0,1,8.5167,No,C
804,1,3,male,27.0,0,0,6.975,No,S
805,0,3,male,31.0,0,0,7.775,No,S
806,0,1,male,39.0,0,0,0.0,Yes,S
807,0,3,female,18.0,0,0,7.775,No,S
808,0,2,male,39.0,0,0,13.0,No,S
809,1,1,female,33.0,1,0,53.1,Yes,S
810,0,3,male,26.0,0,0,7.8875,No,S
811,0,3,male,39.0,0,0,24.15,No,S
812,0,2,male,35.0,0,0,10.5,No,S
813,0,3,female,6.0,4,2,31.275,No,S
814,0,3,male,30.5,0,0,8.05,No,S
815,0,1,male,38.83477483766232,0,0,0.0,Yes,S
816,0,3,female,23.0,0,0,7.925,No,S
817,0,2,male,31.0,1,1,37.0042,No,C
818,0,3,male,43.0,0,0,6.45,No,S
819,0,3,male,10.0,3,2,27.9,No,S
820,1,1,female,52.0,1,1,93.5,Yes,S
821,1,3,male,27.0,0,0,8.6625,No,S
822,0,1,male,38.0,0,0,0.0,No,S
823,1,3,female,27.0,0,1,12.475,Yes,S
824,0,3,male,2.0,4,1,39.6875,No,S
825,0,3,male,35.09787898074147,0,0,6.95,No,Q
826,0,3,male,29.56889808802305,0,0,56.4958,No,S
827,1,2,male,1.0,0,2,37.0042,No,C
828,1,3,male,35.29582429902353,0,0,7.75,No,Q
829,1,1,female,62.0,0,0,80.0,Yes,
830,1,3,female,15.0,1,0,14.4542,No,C
831,1,2,male,0.83,1,1,18.75,No,S
832,0,3,male,22.8763068618881,0,0,7.2292,No,C
833,0,3,male,23.0,0,0,7.8542,No,S
834,0,3,male,18.0,0,0,8.3,No,S
835,1,1,female,39.0,1,1,83.1583,Yes,C
836,0,3,male,21.0,0,0,8.6625,No,S
837,0,3,male,30.70572677927052,0,0,8.05,No,S
838,1,3,male,32.0,0,0,56.4958,No,S
839,1,1,male,50.91095012626265,0,0,29.7,Yes,C
840,0,3,male,20.0,0,0,7.925,No,S
841,0,2,male,16.0,0,0,10.5,No,S
842,1,1,female,30.0,0,0,31.0,No,C
843,0,3,male,34.5,0,0,6.4375,No,C
844,0,3,male,17.0,0,0,8.6625,No,S
845,0,3,male,42.0,0,0,7.55,No,S
846,0,3,male,10.869866956654464,8,2,69.55,No,S
847,0,3,male,35.0,0,0,7.8958,No,C
848,0,2,male,28.0,0,1,33.0,No,S
849,1,1,female,43.96476448412697,1,0,89.1042,Yes,C
850,0,3,male,4.0,4,2,31.275,No,S
851,0,3,male,74.0,0,0,7.775,No,S
852,0,3,female,9.0,1,1,15.2458,No,C
853,1,1,female,16.0,0,1,39.4,Yes,S
854,0,2,female,44.0,1,0,26.0,No,S
855,1,3,female,18.0,0,1,9.35,No,S
856,1,1,female,45.0,1,1,164.8667,No,S
857,1,1,male,51.0,0,0,26.55,Yes,S
858,1,3,female,24.0,0,3,19.2583,No,C
859,0,3,male,22.8763068618881,0,0,7.2292,No,C
860,0,3,male,41.0,2,0,14.1083,No,S
861,0,2,male,21.0,1,0,11.5,No,S
862,1,1,female,48.0,0,0,25.9292,Yes,S
863,0,3,female,10.869866956654464,8,2,69.55,No,S
864,0,2,male,24.0,0,0,13.0,No,S
865,1,2,female,42.0,0,0,13.0,No,S
866,1,2,female,27.0,1,0,13.8583,No,C
867,0,1,male,31.0,0,0,50.4958,Yes,S
868,0,3,male,25.977889156023696,0,0,9.5,No,S
869,1,3,male,4.0,1,1,11.1333,No,S
870,0,3,male,26.0,0,0,7.8958,No,S
871,1,1,female,47.0,1,1,52.5542,Yes,S
872,0,1,male,33.0,0,0,5.0,Yes,S
873,0,3,male,47.0,0,0,9.0,No,S
874,1,2,female,28.0,1,0,24.0,No,C
875,1,3,female,15.0,0,0,7.225,No,C
876,0,3,male,20.0,0,0,9.8458,No,S
877,0,3,male,19.0,0,0,7.8958,No,S
878,0,3,male,27.947206162930836,0,0,7.8958,No,S
879,1,1,female,56.0,0,1,83.1583,Yes,C
880,1,2,female,25.0,0,1,26.0,No,S
881,0,3,male,33.0,0,0,7.8958,No,S
882,0,3,female,22.0,0,0,10.5167,No,S
883,0,2,male,28.0,0,0,10.5,No,S
884,0,3,male,25.0,0,0,7.05,No,S
885,0,3,female,39.0,0,5,29.125,No,Q
886,0,2,male,27.0,0,0,13.0,No,S
887,1,1,female,19.0,0,0,30.0,Yes,S
888,0,3,female,16.193950198412704,1,2,23.45,No,S
889,1,1,male,26.0,0,0,30.0,Yes,C
890,0,3,male,32.0,0,0,7.75,No,Q
